index,temp,atemp,hum,windspeed
max_day,0.608333,0.585867,0.501667,0.247521
min_day,0.44,0.4394,0.88,0.3582
max_stat,0.861667,0.804913,0.925,0.38061125
min_stat,0.1075,0.101658,0.254167,0.04665
