weathersit,weather,cnt
1.0,Clear,3694.9867256637167
2.0,Mist + Cloudy,3088.0967741935483
3.0,Light snow,1674.1333333333334
